{
  "id": "",
  "name": "",
  "font_family": "iconfont",
  "css_prefix_text": "icon-",
  "description": "",
  "glyphs": [
    {
      "icon_id": "217416",
      "name": "project",
      "font_class": "project",
      "unicode": "e63d",
      "unicode_decimal": 58941
    },
    {
      "icon_id": "384748",
      "name": "bussiness man",
      "font_class": "icon31",
      "unicode": "e627",
      "unicode_decimal": 58919
    },
    {
      "icon_id": "573575",
      "name": "暂停",
      "font_class": "zanting",
      "unicode": "e638",
      "unicode_decimal": 58936
    },
    {
      "icon_id": "2206373",
      "name": "icon-link",
      "font_class": "link",
      "unicode": "e62a",
      "unicode_decimal": 58922
    },
    {
      "icon_id": "6263352",
      "name": "播放",
      "font_class": "bofang",
      "unicode": "e66e",
      "unicode_decimal": 58990
    },
    {
      "icon_id": "7417086",
      "name": "上一首",
      "font_class": "shangyishou",
      "unicode": "e603",
      "unicode_decimal": 58883
    },
    {
      "icon_id": "7417092",
      "name": "下一首",
      "font_class": "xiayishou",
      "unicode": "e602",
      "unicode_decimal": 58882
    },
    {
      "icon_id": "7826085",
      "name": "close",
      "font_class": "baseline-close-px",
      "unicode": "e615",
      "unicode_decimal": 58901
    },
    {
      "icon_id": "15167608",
      "name": "more",
      "font_class": "more_1",
      "unicode": "e651",
      "unicode_decimal": 58961
    },
    {
      "icon_id": "18986693",
      "name": "home",
      "font_class": "home",
      "unicode": "e8c7",
      "unicode_decimal": 59591
    }
  ]
}
